contract_address,sender,amount,tx_hash,block_number,block_hash,network,tx_index,log_index
0x634dce9e1f51dc03ae6446ecea862b941f1016ce,0x787ec23276d87df482553a1c03bd9c8db52f4bda,50000000000000000000,0xb9b3b82cd02be0ee16cd0bfbe1a14c922725cd8125cea5438e97e51252a656c9,55987916,0xec53aae5d14a09d6cb74f47137095e4cd7763d5469be15f48607214b6a686796,alfajores
0x634dce9e1f51dc03ae6446ecea862b941f1016ce,0xd56279982a6363ad04d8df8965f4702554ad0553,100000000000000000000,0x832f722f10168b3ff324e0e096795af9b50cc679a999d4397808d586233bc3d4,55365775,0x2ac79ac8f5053df43e09f6f3d72bd6179980341ed8f1880c1352152342b89126,alfajores
0x634dce9e1f51dc03ae6446ecea862b941f1016ce,0xd56279982a6363ad04d8df8965f4702554ad0553,100000000000000000000,0xf09d0963a14b57e91afac3c655b8162dff68fb8bef6ad95226e74998091b5468,55400396,0x17c878a7b7493abff50019264933d6b3d6cb6c6f336228351e3f9e5d8a79ad08,alfajores
0x634dce9e1f51dc03ae6446ecea862b941f1016ce,0xd56279982a6363ad04d8df8965f4702554ad0553,100000000000000000000,0x19f36dc29b96a5dfea11c33a450f9cd4950bf28265c4047f63e051f13050af9f,55400487,0x02356202818b350b52c1de8c019d52ed6990004039457f74e75d2a77c022ce5a,alfajores
0x634dce9e1f51dc03ae6446ecea862b941f1016ce,0xd56279982a6363ad04d8df8965f4702554ad0553,100000000000000000000,0x35031719a322a787d544f26c687b5bf875fa160ddf77ea8486a0a58303947c20,55401223,0xbdd0bd031802bfc218da6bb356fb63911a22ab67134c1060c7bef6f304a4d46b,alfajores
0x634dce9e1f51dc03ae6446ecea862b941f1016ce,0xd56279982a6363ad04d8df8965f4702554ad0553,500000000000000000000,0x1e5aaeb7a6e78ee70f3fb0fd3956ece2b4e03b9983d98b20d88847d418832163,55402550,0x8750a44e9eb6541d143eca031149f3a0286e1990746399ef97c55ef7030ea618,alfajores
0x634dce9e1f51dc03ae6446ecea862b941f1016ce,0xd56279982a6363ad04d8df8965f4702554ad0553,100000000000000000000,0xcd924ce72246337fe80a77860fa1b1c43e68eb075c3f285886018c9b44c8df97,55403939,0xa6483bab0f331aab1082e38a35112f04048004ba5ede5ef0c72a2234797d5d0a,alfajores
0x634dce9e1f51dc03ae6446ecea862b941f1016ce,0xd56279982a6363ad04d8df8965f4702554ad0553,100000000000000000000,0x6890cbb4960fdbf027e43710444dc3f4f667a81232d6061e13aba631620a07b7,55405461,0xa3f0cdfb611f6743ec3b7e48403b3c99e04f37a9d3d344860d5171938c02f71d,alfajores
0x634dce9e1f51dc03ae6446ecea862b941f1016ce,0xd56279982a6363ad04d8df8965f4702554ad0553,100000000000000000000,0xf1f42a5a881b6255c8e4cb1f09a894c1f154015c82c9a0cac01396d933559b35,55405963,0x032316fcf9f9cdd86bbfa82dad9c6551504681267dae6b22e8a04c79b389d867,alfajores
0x634dce9e1f51dc03ae6446ecea862b941f1016ce,0xd56279982a6363ad04d8df8965f4702554ad0553,100000000000000000000,0x498de524a490caa0cae19db06958ad9030dc6f01fd1a1b4d6b774c2bfdba383f,55452975,0xa9e07cfa000f25269397eb4b4544301bf26b0af8fc49d4ccec1670f3513d9e65,alfajores
0x634dce9e1f51dc03ae6446ecea862b941f1016ce,0xd56279982a6363ad04d8df8965f4702554ad0553,100000000000000000000,0x4f03814db3e6c2e760ff1c642f618a805642ec0604fce78cb133f0c28243b108,55454640,0x4937b25631fba50fbc488c494b7709a2d9f0ee2677d6817d7154b1669d76c247,alfajores
0x634dce9e1f51dc03ae6446ecea862b941f1016ce,0xd56279982a6363ad04d8df8965f4702554ad0553,100000000000000000000,0x3ac02d7b7ba9bcbf5aeeac3e98da3c90d4d974f1f9e4ec0361b580cc2ba850a5,55454759,0xe1e3468e1e3665fcf7712ff6ddfc1de6c362b2b6a5bfd83db4e0f92088af1f29,alfajores
0x634dce9e1f51dc03ae6446ecea862b941f1016ce,0xd56279982a6363ad04d8df8965f4702554ad0553,100000000000000000000,0x1d44333b3e578ea1146836a433a7f3a1c91f68051d451d05c3062319c594e590,55454871,0x33632cd31c8c214d6a4be78f458e6204dbab2ded892c95a89a33a4fe89bb2387,alfajores
0x634dce9e1f51dc03ae6446ecea862b941f1016ce,0xd56279982a6363ad04d8df8965f4702554ad0553,50000000000000000000,0x6e2c99d7ab9a7c36afa2765d8814deb3abb5dae8512fbb8d0993ac12f6b3c107,55454935,0x7bea88b35d40b91d9ebd9bad2a9059a04f587b213b1d0cf0e3afb8a0c023b9aa,alfajores
0x634dce9e1f51dc03ae6446ecea862b941f1016ce,0xd56279982a6363ad04d8df8965f4702554ad0553,50000000000000000000,0x95970314f8c7f92d45f58d63a14ee8d39f8758ce54481f0fec1e24d96b8c681e,55457585,0xcf00b867fffcb5b2c9279e022242ee82fb92e9148f6bfb9cf1b81960f19666c2,alfajores
0x634dce9e1f51dc03ae6446ecea862b941f1016ce,0xd56279982a6363ad04d8df8965f4702554ad0553,100000000000000000000,0x56026eb46376b11522e813869e8b89438ee0ea6640f915fb8ce9728822baf31d,55487157,0x303a885154e823a86daf8c38f718907278913d52305687c14b79b425cb41d266,alfajores
0x634dce9e1f51dc03ae6446ecea862b941f1016ce,0xd56279982a6363ad04d8df8965f4702554ad0553,50000000000000000000,0xeca1ec228f21785fe7c662e03de551726dbc6387f2a0c4d6b540cee82d6f178a,55524863,0xdb17adbdba8a33738df6d6a7139420cca02235bfaf9e682d4ae34246da4e6ba0,alfajores
0x634dce9e1f51dc03ae6446ecea862b941f1016ce,0xd56279982a6363ad04d8df8965f4702554ad0553,50000000000000000000,0xb9861ace32eee753e00520599a38ec5bc0e250561434212858a60ee2aa04734a,55525056,0x363cc3629d41a7fca608f9505dba53787fd88d93f87cca6806af9e6991bd83c3,alfajores
0x634dce9e1f51dc03ae6446ecea862b941f1016ce,0xd56279982a6363ad04d8df8965f4702554ad0553,50000000000000000000,0x4fa30eaba4f8d718d57d2c9403e4e49b85ddf4294c3e4b14b99169017127e803,55526041,0x68e9f75c15834fe0ef26206c342b05eb5bd9c28afbce12e3f9b02a1cd8408aff,alfajores
0x634dce9e1f51dc03ae6446ecea862b941f1016ce,0xd56279982a6363ad04d8df8965f4702554ad0553,50000000000000000000,0xb1d9e398d44c8537b80713f1bf7f104301427f652c338b04339474b7dce5a258,55527234,0xb10cb0beac3c9d1389e1102a7614a9d15ade8c776101c0e2fc1bc5e0298ef0b9,alfajores
0x634dce9e1f51dc03ae6446ecea862b941f1016ce,0xd56279982a6363ad04d8df8965f4702554ad0553,50000000000000000000,0x16d4c763d4d5a30d78afb4da14769bd4917df52127c3119d5a40cb8fada59773,55529639,0x127827f069dc554531038ece4bbebc23cd3fb0f5a5c1462ea60621337188b6e1,alfajores
0x634dce9e1f51dc03ae6446ecea862b941f1016ce,0xd56279982a6363ad04d8df8965f4702554ad0553,50000000000000000000,0x70069f7324cc49c6b629c73a4d23be1380a0e3706d414aa328049879a6f55859,55536751,0x7671193dbb480e77ca704b327ecf1f4b867412a92a4bd7e1d9c40339fecc2deb,alfajores
0x634dce9e1f51dc03ae6446ecea862b941f1016ce,0xd56279982a6363ad04d8df8965f4702554ad0553,50000000000000000000,0x6699479f74cea8369b36827c720ef7f6dd8a165b45f19eae931f7765d9ed5135,55537653,0x83cac59c80d3c586dbffd8c6f9a7894154c956dae69dc85740832bd0b410552e,alfajores
0x634dce9e1f51dc03ae6446ecea862b941f1016ce,0xd56279982a6363ad04d8df8965f4702554ad0553,50000000000000000000,0xd9b7b368f9c14d080466e18f9f6f147d626da3900f6ec9e1e275edead2cada3f,55538362,0x735a5d8d40e4422d78aa28f2865c85c4eef0d9342236a26e31b44ef2f52b1cdd,alfajores
0x634dce9e1f51dc03ae6446ecea862b941f1016ce,0xd56279982a6363ad04d8df8965f4702554ad0553,50000000000000000000,0xd1b0e88e0eae3b54bf9448c9fed3b9f18f0da3a348a09f6ec1d2bd6989d1abab,55540079,0x2734283d8c527df6190e44755ab8826644f8c14e9984fc08cc8e072450cc56da,alfajores
0x634dce9e1f51dc03ae6446ecea862b941f1016ce,0xd56279982a6363ad04d8df8965f4702554ad0553,50000000000000000000,0x09c7797e02ea55206ee8c9936af9a9552727820090e89df885b0987a2856341e,55540670,0xd1e0279526b5c32cbae510c52b614e9fa91f5195605114027572187a8558fc49,alfajores
0x634dce9e1f51dc03ae6446ecea862b941f1016ce,0xd56279982a6363ad04d8df8965f4702554ad0553,50000000000000000000,0xf1248cca65881e90845d1f2e39e4bba4eb59971387efd9d6bd28cbf78c0e8bd2,55552993,0xa0bfe258b1f0f4aa60512af3283b0c7eaf1d72c0d0a18e757c62b629e5f4ee2a,alfajores
0x634dce9e1f51dc03ae6446ecea862b941f1016ce,0xd56279982a6363ad04d8df8965f4702554ad0553,50000000000000000000,0xa82b3c8a18804954a88da95c052eb835116bcf84dc4ff040bee24880a7bf5b31,55553516,0x530d7b0fe52e1e835575400db3c8f4dd0e03cb32713415101dcd61a5ceee4b28,alfajores
0x634dce9e1f51dc03ae6446ecea862b941f1016ce,0xd56279982a6363ad04d8df8965f4702554ad0553,100000000000000000000,0x16afdcfc4b8605eed20a8b6118169423320631fe15de591d743d771edad51a17,55553747,0xdce7fdc909eb4ab151c893cdd12c4ede4f3c3127e2906eba6af143832da66646,alfajores
0x634dce9e1f51dc03ae6446ecea862b941f1016ce,0x787ec23276d87df482553a1c03bd9c8db52f4bda,100000000000000000000,0x3f09d36196a0753f1225424bf59d061377b9d75a10bf06be2817cd9c82b70ce2,55899874,0xd291e61be4c8fef33abd9ce5711f15011af8003faa227175af38c8bbc11a2faf,alfajores
0x634dce9e1f51dc03ae6446ecea862b941f1016ce,0x787ec23276d87df482553a1c03bd9c8db52f4bda,50000000000000000000,0xb9b3b82cd02be0ee16cd0bfbe1a14c922725cd8125cea5438e97e51252a656c9,55987916,0xec53aae5d14a09d6cb74f47137095e4cd7763d5469be15f48607214b6a686796,alfajores
